City_ID,City,Lat,Lng,Max Temp,Humidity,Cloudiness,Wind Speed,Country,Date
0,ko samui,9.5357,99.9357,32.95,66,20,3.6,TH,1682308639
1,jamestown,42.097,-79.2353,5.77,87,100,3.09,US,1682308560
2,port alfred,-33.5906,26.891,21.72,60,100,2.36,ZA,1682308620
3,acapulco,16.8634,-99.8901,27.9,69,20,2.57,MX,1682308501
4,hilo,19.7297,-155.09,25.85,80,100,4.63,US,1682308641
5,busselton,-33.65,115.3333,15.42,58,50,7.37,AU,1682308642
6,dubbo,-32.25,148.6167,26.07,34,0,5.14,AU,1682308298
7,dunda,-8.1167,34.25,16.66,96,99,0.5,TZ,1682308643
8,orocue,4.7912,-71.3354,23.55,92,100,1.84,CO,1682308643
9,albany,42.6001,-73.9662,6.08,84,100,5.36,US,1682308644
10,rikitea,-23.1203,-134.9692,26.63,85,100,7.14,PF,1682308644
11,vardo,70.3705,31.1107,-4.01,93,40,5.66,NO,1682308645
12,alofi,-19.0595,-169.9187,26.94,65,40,3.09,NU,1682308645
13,saint-paul,-21.0096,55.2707,25.56,85,15,0.45,RE,1682308646
14,dingli,35.8614,14.3822,14.34,100,0,1.54,MT,1682308647
15,esperance,-33.8667,121.9,24.1,45,95,8.87,AU,1682308647
16,punta arenas,-53.15,-70.9167,6.06,81,100,3.6,CL,1682308647
17,geraldton,-28.7667,114.6,19.23,77,75,6.69,AU,1682308648
18,ribeira grande,38.5167,-28.7,17.65,96,100,6.71,PT,1682308649
19,taksimo,56.3444,114.8794,0.45,33,87,3.77,RU,1682308649
20,yongan,39.6957,113.6871,6.82,63,99,3.12,CN,1682308650
21,itarema,-2.9248,-39.9167,24.16,86,92,3.71,BR,1682308650
22,kapaa,22.0752,-159.319,25.99,89,100,4.12,US,1682308651
23,klaksvik,62.2266,-6.589,2.51,64,100,11.09,FO,1682308651
24,litovko,49.2361,135.1742,8.39,31,64,8.46,RU,1682308652
25,hobart,-42.8794,147.3294,21.92,43,0,4.12,AU,1682308607
26,sitka,57.0531,-135.33,6.94,81,100,3.6,US,1682308653
27,fortuna,40.5982,-124.1573,11.19,83,100,1.34,US,1682308633
28,labuhan,-6.8844,112.2051,30.0,70,93,3.72,ID,1682308654
29,cabo san lucas,22.8909,-109.9124,25.17,65,20,2.06,MX,1682308598
30,rawson,-43.3002,-65.1023,15.67,60,98,0.25,AR,1682308347
31,constitucion,-35.3333,-72.4167,11.82,87,7,2.5,CL,1682308656
32,kayes,14.0,-11.0,31.14,18,4,2.47,ML,1682308656
33,pisco,-13.7,-76.2167,22.03,83,0,3.09,PE,1682308657
34,spornoye,50.8448,37.2913,9.01,83,33,1.76,RU,1682308657
35,sibu,2.3,111.8167,29.17,84,40,1.54,MY,1682308658
36,hermanus,-34.4187,19.2345,19.33,93,100,3.67,ZA,1682308612
37,vaini,-21.2,-175.2,28.09,74,75,4.63,TO,1682308659
38,ligayan,4.6533,119.4706,28.92,72,85,2.1,PH,1682308659
39,ushuaia,-54.8,-68.3,5.81,61,20,1.03,AR,1682308547
40,georgetown,5.4112,100.3354,31.96,79,20,2.06,MY,1682308402
41,vawkavysk,53.1561,24.4513,8.76,76,6,4.93,BY,1682308661
42,san rafael,-34.6177,-68.3301,14.66,65,3,0.52,AR,1682308661
43,guerrero negro,27.9769,-114.0611,14.94,84,0,5.76,MX,1682308661
44,salinopolis,-0.6136,-47.3561,25.62,82,100,3.01,BR,1682308662
45,bluff,-46.6,168.3333,11.56,64,98,9.9,NZ,1682308662
46,torbay,47.6666,-52.7314,2.71,96,100,9.39,CA,1682308663
47,nizhniy baskunchak,48.2198,46.8311,14.06,57,94,3.86,RU,1682308663
48,saint-philippe,-21.3585,55.7679,24.77,71,27,3.2,RE,1682308610
49,tuktoyaktuk,69.4541,-133.0374,-18.0,78,75,2.06,CA,1682308664
50,ahipara,-35.1667,173.1667,16.64,56,23,8.39,NZ,1682308665
51,rocha,-34.4833,-54.3333,15.94,97,100,2.15,UY,1682308665
52,severo-kurilsk,50.6789,156.125,0.35,79,100,9.93,RU,1682308665
53,faanui,-16.4833,-151.75,27.55,77,74,3.6,PF,1682308666
54,provideniya,64.3833,-173.3,-4.8,63,0,6.0,RU,1682308666
55,morogoro,-6.8167,37.6667,20.5,96,97,1.33,TZ,1682308666
56,sorbhog,26.5,90.8667,28.7,44,28,6.14,IN,1682308667
57,saint george,37.1041,-113.5841,23.33,28,0,2.68,US,1682308212
58,cidreira,-30.1811,-50.2056,20.93,84,100,6.29,BR,1682308668
59,new norfolk,-42.7826,147.0587,21.72,39,1,1.48,AU,1682308668
60,caravelas,-17.7125,-39.2481,24.79,70,97,4.53,BR,1682308668
61,lompoc,34.6391,-120.4579,13.3,83,100,12.96,US,1682308669
62,pevek,69.7008,170.3133,-0.3,78,0,0.59,RU,1682308669
63,yarkovo,57.4028,67.0786,4.47,48,42,6.29,RU,1682308670
64,bredasdorp,-34.5322,20.0403,18.01,89,100,2.59,ZA,1682308670
65,yellowknife,62.456,-114.3525,5.29,65,20,2.06,CA,1682308670
66,buchanan,5.8808,-10.0467,26.68,87,57,2.22,LR,1682308671
67,palmer,42.1584,-72.3287,8.31,87,100,2.06,US,1682308671
68,lebu,-37.6167,-73.65,11.12,87,5,4.04,CL,1682308671
69,ponta do sol,32.6667,-17.1,17.62,77,44,1.84,PT,1682308672
70,mahebourg,-20.4081,57.7,26.81,94,75,2.06,MU,1682308672
71,dikson,73.5069,80.5464,1.07,84,96,7.26,RU,1682308672
72,luderitz,-26.6481,15.1594,16.96,54,100,1.99,NA,1682308650
73,carnarvon,-24.8667,113.6333,22.64,67,100,7.9,AU,1682308673
74,east london,-33.0153,27.9116,19.52,77,0,1.54,ZA,1682308673
75,coxim,-18.5067,-54.76,21.31,94,56,1.42,BR,1682308674
76,cape town,-33.9258,18.4232,18.4,93,100,6.69,ZA,1682308457
77,langham,52.3668,-106.9679,3.91,70,99,4.09,CA,1682308674
78,berlevag,70.8578,29.0864,-1.03,80,75,6.69,NO,1682308675
79,asau,46.4333,26.4,3.51,85,17,1.93,RO,1682308675
80,saskylakh,71.9167,114.0833,-8.54,89,66,3.12,RU,1682308675
81,touros,-5.1989,-35.4608,24.66,87,84,4.01,BR,1682308671
82,sobradinho,-12.8333,-39.1,20.82,98,66,2.66,BR,1682308676
83,vao,-22.6667,167.4833,25.2,75,50,6.76,NC,1682308676
84,oum hadjer,13.2954,19.6966,32.25,35,99,4.0,TD,1682308677
85,elat,29.5581,34.9482,19.91,40,4,9.26,IL,1682308677
86,lorengau,-2.0226,147.2712,29.75,72,88,4.38,PG,1682308677
87,novoagansk,61.9449,76.6625,-1.41,93,100,7.98,RU,1682308678
88,palmas,-10.2128,-48.3603,23.93,94,75,1.54,BR,1682308643
89,sao filipe,14.8961,-24.4956,23.33,73,2,7.14,CV,1682308678
90,talaya,61.3833,152.75,-0.9,79,100,7.8,RU,1682308679
91,lac du bonnet,50.2536,-96.0612,-2.8,83,82,1.72,CA,1682308680
92,san policarpo,12.1791,125.5072,27.76,81,28,3.15,PH,1682308680
93,shingu,33.7333,135.9833,16.37,38,100,3.86,JP,1682308680
94,morehead,37.2711,-87.1764,4.99,88,0,0.0,US,1682308681
95,estelle,29.8458,-90.1067,21.0,64,100,1.79,US,1682308681
96,vila franca do campo,37.7167,-25.4333,18.23,86,100,9.56,PT,1682308659
97,eureka,40.8021,-124.1637,12.64,81,100,2.68,US,1682308467
98,mataura,-46.1927,168.8643,11.38,74,53,4.01,NZ,1682308682
99,ayan,56.45,138.1667,3.57,54,19,6.89,RU,1682308339
100,taoudenni,22.6783,-3.9836,26.95,20,0,4.11,ML,1682308683
101,abulug,18.4453,121.4533,27.84,65,12,5.19,PH,1682308684
102,ust-kan,50.9276,84.761,8.43,39,66,4.07,RU,1682308685
103,avarua,-21.2078,-159.775,26.03,65,56,3.09,CK,1682308685
104,mumbwa,-14.9783,27.0619,16.7,73,93,2.09,ZM,1682308686
105,edgewater,28.9889,-80.9023,23.05,79,50,4.23,US,1682308467
106,middelburg,-25.7751,29.4648,11.23,36,13,1.71,ZA,1682308687
107,barrow,71.2906,-156.7887,-15.99,78,75,4.63,US,1682308687
108,brae,60.3964,-1.353,3.18,65,99,11.52,GB,1682308688
109,husavik,66.0449,-17.3389,-1.14,65,16,1.63,IS,1682308689
110,bethanien,-26.502,17.1583,20.27,37,100,8.66,NA,1682308689
111,ridgecrest,35.6225,-117.6709,24.92,33,0,5.14,US,1682308690
112,khatanga,71.9667,102.5,-4.68,87,15,3.53,RU,1682308690
113,bethel,41.3712,-73.414,10.17,87,40,0.0,US,1682308611
114,kodiak,57.79,-152.4072,1.73,48,100,9.26,US,1682308622
115,tasiilaq,65.6145,-37.6368,-3.21,96,98,3.71,GL,1682308692
116,locri,38.2414,16.2623,15.18,61,5,3.89,IT,1682308693
117,bunbury,-33.3333,115.6333,15.32,60,63,8.15,AU,1682308693
118,victoria,22.2855,114.1577,26.65,88,81,5.36,HK,1682308693
119,honningsvag,70.9821,25.9704,-1.14,80,75,3.09,NO,1682308694
120,longyearbyen,78.2186,15.6401,-11.37,89,82,0.85,SJ,1682308694
121,jacmel,18.2342,-72.5347,25.91,80,2,3.24,HT,1682308695
122,clyde river,70.4692,-68.5914,-13.87,92,75,3.09,CA,1682308695
123,bambanglipuro,-7.95,110.2833,30.91,66,21,3.11,ID,1682308696
124,egvekinot,66.3167,-179.1667,-7.99,74,0,2.92,RU,1682308697
125,qaanaaq,77.484,-69.3632,-14.17,72,50,3.58,GL,1682308698
126,dayong,25.0209,118.2898,24.21,79,94,1.84,CN,1682308698
127,cayenne,4.9333,-52.3333,24.02,100,100,0.0,GF,1682308698
128,okha,53.5739,142.9478,1.29,72,10,9.84,RU,1682308700
129,upernavik,72.7868,-56.1549,-0.95,98,97,1.8,GL,1682308700
130,saint-augustin,51.226,-58.6502,0.81,93,1,1.43,CA,1682308701
131,halifax,44.6453,-63.5724,3.45,90,36,3.01,CA,1682308373
132,ashington,50.9331,-0.3909,7.94,85,19,1.34,GB,1682308702
133,atuona,-9.8,-139.0333,27.48,77,9,5.68,PF,1682308703
134,spassk,52.747,87.7545,8.81,62,97,1.54,RU,1682308704
135,chokurdakh,70.6333,147.9167,-3.3,87,100,5.04,RU,1682308704
136,puerto ayora,-0.7393,-90.3518,25.86,91,45,1.34,EC,1682308705
137,narsaq,60.9167,-46.05,-0.19,74,88,1.28,GL,1682308706
138,mount isa,-20.7333,139.5,31.87,31,21,6.69,AU,1682308564
139,poum,-20.2333,164.0167,25.94,78,41,9.87,NC,1682308707
140,riyadh,24.6877,46.7219,24.08,32,5,1.14,SA,1682308275
141,jinchang,38.4953,102.1739,8.0,37,100,9.72,CN,1682308709
142,tateyama,34.9833,139.8667,11.05,73,100,6.51,JP,1682308709
143,north charleston,32.8886,-80.0075,17.05,82,0,0.0,US,1682307882
144,rosarito,32.3333,-117.0333,14.71,82,41,1.67,MX,1682308711
145,high rock,26.6208,-78.2833,21.01,75,0,4.53,BS,1682308712
146,kieta,-6.2167,155.6333,29.27,75,34,1.81,PG,1682308712
147,lata,40.1629,-8.3327,13.37,97,16,1.25,PT,1682308713
148,hasaki,35.7333,140.8333,18.45,41,100,5.45,JP,1682308713
149,gerash,27.6652,54.1371,17.08,22,1,1.56,IR,1682308714
150,puerto del rosario,28.5004,-13.8627,16.86,77,75,3.6,ES,1682308715
151,leningradskiy,69.3833,178.4167,-13.65,88,9,7.24,RU,1682308715
152,gazojak,41.1875,61.4036,23.64,20,13,10.31,TM,1682308716
153,nikolskoye,59.7035,30.7861,12.11,69,11,3.64,RU,1682308716
154,natal,-5.795,-35.2094,25.12,83,20,3.09,BR,1682308138
155,cherskiy,68.75,161.3,2.83,83,2,2.4,RU,1682308717
156,zhigansk,66.7697,123.3711,-2.34,84,93,5.82,RU,1682308718
157,jadu,31.953,12.0261,11.69,47,0,1.7,LY,1682308718
158,lavrentiya,65.5833,-171.0,-8.05,78,0,2.94,RU,1682308719
159,bilma,18.6853,12.9164,27.47,8,89,2.53,NE,1682308719
160,kampong chhnang,12.1667,104.55,36.82,36,64,0.84,KH,1682308720
161,auki,-8.7676,160.7034,28.65,75,27,1.0,SB,1682308720
162,solnechnyy,50.7214,136.6319,4.56,63,100,5.43,RU,1682308720
163,grand gaube,-20.0064,57.6608,26.88,78,43,0.89,MU,1682308282
164,polewali,-3.4324,119.3435,30.66,69,19,1.32,ID,1682308721
165,yulara,-25.2406,130.9889,27.13,20,12,5.03,AU,1682308722
166,tazovskiy,67.4667,78.7,0.27,98,100,8.44,RU,1682308722
167,port elizabeth,-33.918,25.5701,18.51,92,20,3.09,ZA,1682308723
168,tornio,65.8481,24.1466,-0.99,86,100,4.86,FI,1682308723
169,darnah,32.767,22.6367,16.12,91,70,3.35,LY,1682308724
170,kahului,20.8947,-156.47,28.01,65,20,3.09,US,1682308466
171,araouane,18.9048,-3.5265,24.45,16,0,3.41,ML,1682308724
172,namibe,-15.1961,12.1522,24.06,69,27,3.57,AO,1682308705
173,hithadhoo,-0.6,73.0833,29.11,70,100,2.61,MV,1682308725
174,bandarban,22.1965,92.2262,28.84,28,8,1.33,BD,1682308726
175,dawei,14.0833,98.2,35.56,42,16,2.89,MM,1682308726
176,cocorit,27.5833,-109.9667,22.58,35,0,3.07,MX,1682308726
177,kutum,14.2,24.6667,24.13,24,81,1.93,SD,1682308727
178,nanortalik,60.1432,-45.2371,0.11,89,81,1.18,GL,1682308727
179,grafton,42.207,-71.6856,10.03,95,100,4.63,US,1682308727
180,bambous virieux,-20.3428,57.7575,26.79,94,75,2.06,MU,1682308728
181,celestun,20.8667,-90.4,28.34,62,12,6.09,MX,1682308728
182,puerto escondido,15.85,-97.0667,27.02,81,82,3.47,MX,1682308728
183,petauke,-14.2426,31.3253,15.26,71,95,2.02,ZM,1682308729
184,campo verde,-20.4167,-54.0667,19.78,92,12,1.5,BR,1682308431
185,cabedelo,-6.9811,-34.8339,25.37,84,99,4.31,BR,1682308718
186,san patricio,28.017,-97.5169,17.91,87,100,6.2,US,1682308662
187,pedernales,18.0384,-71.744,25.24,71,7,0.96,DO,1682308730
188,chuy,-33.6971,-53.4616,17.19,95,60,2.46,UY,1682308730
189,mar del plata,-38.0023,-57.5575,16.08,93,100,0.89,AR,1682308095
190,mackenzie,55.2999,-123.1698,4.12,87,100,3.09,CA,1682308731
191,isangel,-19.55,169.2667,30.06,74,75,2.57,VU,1682308731
192,ancud,-41.8697,-73.8203,7.47,88,0,1.31,CL,1682308732
193,chimoio,-19.1164,33.4833,17.92,82,0,1.37,MZ,1682308732
194,eyl,7.9803,49.8164,28.18,71,18,2.36,SO,1682308732
195,butaritari,3.0707,172.7902,28.42,79,94,8.2,KI,1682308733
196,thompson,55.7435,-97.8558,-0.91,55,20,1.54,CA,1682308733
197,garbolovo,60.3413,30.4955,9.59,73,7,4.16,RU,1682308733
198,alot,23.7667,75.55,29.95,22,0,2.85,IN,1682308734
199,haines junction,60.7522,-137.5108,-3.03,74,100,3.6,CA,1682308734
200,sept-iles,50.2001,-66.3821,2.25,91,75,3.13,CA,1682308622
201,bonthe,7.5264,-12.505,27.07,86,13,1.79,SL,1682308634
202,baruun-urt,46.6806,113.2792,12.66,13,100,5.36,MN,1682308735
203,port lincoln,-34.7333,135.8667,22.6,50,0,4.75,AU,1682308614
204,beringovskiy,63.05,179.3167,-3.38,82,100,5.85,RU,1682308737
205,hofn,64.2539,-15.2082,0.18,50,33,2.94,IS,1682308737
206,glenwood springs,39.5505,-107.3248,9.45,67,0,3.6,US,1682308512
207,castro,-24.7911,-50.0119,11.97,99,27,2.14,BR,1682308738
208,chicama,-7.8447,-79.1469,23.3,73,100,1.3,PE,1682308738
209,wagar,16.1525,36.2032,28.58,37,1,1.21,SD,1682308738
210,fort nelson,58.8053,-122.7002,5.77,52,100,7.2,CA,1682308739
211,bandarbeyla,9.4942,50.8122,27.82,66,17,0.5,SO,1682308739
212,tiksi,71.6872,128.8694,-6.02,86,35,2.9,RU,1682308739
213,gourdon,44.75,1.5,7.59,99,100,2.04,FR,1682308740
214,bubaque,11.2833,-15.8333,26.32,62,12,4.85,GW,1682308741
215,imbituba,-28.24,-48.6703,22.14,88,59,3.04,BR,1682308741
216,antalaha,-14.9003,50.2788,24.17,89,49,1.08,MG,1682308742
217,bintulu,3.1667,113.0333,26.23,100,40,3.6,MY,1682308742
218,necochea,-38.5473,-58.7368,12.58,90,1,3.41,AR,1682308742
219,korla,41.7597,86.1469,13.21,38,82,2.94,CN,1682308743
220,bobcaygeon,44.5462,-78.542,3.86,91,81,2.71,CA,1682308744
221,souillac,-20.5167,57.5167,24.21,94,75,2.06,MU,1682308745
222,codrington,-38.2667,141.9667,23.31,40,0,3.31,AU,1682308745
223,parrita,9.5201,-84.3225,26.8,80,0,2.22,CR,1682308745
224,magrath,49.4167,-112.8686,10.08,69,96,3.91,CA,1682308747
225,mana,5.6592,-53.7767,23.42,92,100,0.56,GF,1682308748
226,churapcha,62.0025,132.4325,-0.15,77,100,6.13,RU,1682308749
227,dakar,14.6937,-17.4441,19.49,87,4,7.48,SN,1682308513
228,bowen,-20.0167,148.2333,26.75,65,99,10.14,AU,1682308750
229,nouadhibou,20.931,-17.0347,19.99,73,30,8.75,MR,1682308751
230,kindu,-2.95,25.95,19.77,100,100,0.73,CD,1682308751
231,bullhead city,35.1478,-114.5683,31.16,15,0,2.57,US,1682308421
232,takoradi,4.8845,-1.7554,26.43,85,100,1.37,GH,1682308753
233,zaliznychne,45.7489,28.6147,8.71,74,52,2.52,UA,1682308753
234,burns lake,54.2331,-125.7533,6.68,99,100,1.33,CA,1682308369
235,rimbey,52.6334,-114.2353,11.29,64,100,5.81,CA,1682308755
236,hamilton,39.1834,-84.5333,4.87,74,66,1.3,US,1682308755
237,yeppoon,-23.1333,150.7333,26.88,64,74,10.39,AU,1682308756
238,aklavik,68.2191,-135.0107,-16.25,91,100,5.13,CA,1682308756
239,la ronge,55.1001,-105.2842,6.14,28,75,5.14,CA,1682308686
240,maraa,-1.8333,-65.3667,23.14,94,98,1.1,BR,1682308757
241,ucluelet,48.9329,-125.5528,7.27,94,100,0.65,CA,1682308560
242,pozo colorado,-23.4923,-58.7972,16.73,87,0,1.75,PY,1682308759
243,freetown,8.484,-13.2299,26.3,82,74,2.19,SL,1682308759
244,storforshei,66.4043,14.5233,-2.12,64,100,0.0,NO,1682308760
245,road town,18.4167,-64.6167,26.05,75,70,4.48,VG,1682308547
246,chumikan,54.7183,135.315,3.93,47,95,5.32,RU,1682308761
247,portobelo,9.55,-79.65,24.8,79,90,1.75,PA,1682308762
248,gimli,50.6336,-96.9907,0.01,74,31,5.14,CA,1682308762
249,surgut,61.25,73.4167,-1.9,79,75,9.0,RU,1682308762
250,datong,40.0936,113.2914,9.1,47,86,4.25,CN,1682308763
251,wageningen,51.9667,5.6667,9.39,94,100,5.66,NL,1682308764
252,nantucket,41.2835,-70.0995,11.08,97,100,2.57,US,1682308764
253,gorontalo,0.5412,123.0595,31.13,67,27,1.69,ID,1682308765
254,buala,-8.145,159.5921,29.43,72,36,1.89,SB,1682308765
255,nueve de julio,-35.4444,-60.8831,13.87,84,87,2.75,AR,1682308476
256,murmashi,68.8154,32.8115,-4.77,67,0,2.0,RU,1682308766
257,camacari,-12.6975,-38.3242,24.87,94,36,1.68,BR,1682308767
258,kaseda,31.4167,130.3167,18.22,59,100,6.11,JP,1682308768
259,lagoa,39.05,-27.9833,16.06,91,100,6.2,PT,1682308768
260,tulum,20.2167,-87.4667,25.36,75,55,3.96,MX,1682308769
261,sankarpur,22.8481,88.4553,30.97,40,0,3.57,IN,1682308769
262,surt,31.2089,16.5887,16.45,84,46,5.76,LY,1682308770
263,sumbe,-11.2061,13.8437,25.61,89,93,2.72,AO,1682308770
264,boden,65.8252,21.6886,-1.0,96,100,2.74,SE,1682308771
265,farmington,36.7281,-108.2187,12.38,27,0,1.54,US,1682308135
266,jacareacanga,-6.2222,-57.7528,22.19,94,99,0.68,BR,1682308772
267,havelock,34.8791,-76.9013,18.86,90,0,0.0,US,1682308772
268,margherita,27.2833,95.6833,27.73,50,55,2.06,IN,1682308773
269,norman wells,65.282,-126.8329,-11.98,79,100,5.66,CA,1682308773
270,fengkou,30.0833,113.2667,9.98,89,100,4.68,CN,1682308775
271,fort collins,40.5853,-105.0844,9.0,44,20,2.57,US,1682308560
272,boa esperanca,-21.09,-45.5658,15.06,89,37,1.97,BR,1682308776
273,kaitangata,-46.2817,169.8464,12.18,55,26,6.41,NZ,1682308776
274,tezu,27.9167,96.1667,23.93,70,94,0.39,IN,1682308777
275,waw,7.7029,27.9953,24.02,70,97,2.57,SS,1682308778
276,krasnoborsk,61.5598,45.934,1.86,87,100,2.88,RU,1682308778
277,benghazi,32.1167,20.0667,18.09,75,79,5.86,LY,1682308779
278,denpasar,-8.65,115.2167,29.84,74,20,4.12,ID,1682308744
279,moratuwa,6.773,79.8816,31.01,70,98,1.65,LK,1682308258
280,harper,4.375,-7.7169,26.26,86,100,2.08,LR,1682308781
281,bondo,3.8146,23.6866,19.08,99,92,0.89,CD,1682308781
282,kultuk,51.7208,103.6956,5.17,51,8,1.87,RU,1682308781
283,cabinda,-5.55,12.2,25.45,92,94,2.49,AO,1682308782
284,yemtsa,63.0734,40.3329,0.0,96,100,2.9,RU,1682308782
285,gladstone,-23.85,151.25,28.21,44,40,9.26,AU,1682308782
286,pekan,3.4836,103.3996,32.06,60,99,2.88,MY,1682308783
287,abhar,36.1468,49.218,15.43,43,59,1.39,IR,1682308783
288,zhezkazgan,47.8043,67.7144,14.99,51,0,4.0,KZ,1682308783
289,cerritos,33.8583,-118.0648,18.82,87,100,3.09,US,1682308784
290,yaan,7.3833,8.5667,25.31,85,100,1.74,NG,1682308784
291,tuatapere,-46.1333,167.6833,10.86,67,82,5.37,NZ,1682308784
292,itoman,26.1247,127.6694,26.21,63,20,5.66,JP,1682308785
293,esil,51.9556,66.4042,11.16,61,2,5.53,KZ,1682308785
294,kodinsk,58.6881,99.1844,5.84,68,100,4.18,RU,1682308786
295,saint-georges,12.0564,-61.7485,25.82,89,20,3.09,GD,1682308786
296,buerarema,-14.9594,-39.2997,21.3,100,100,1.12,BR,1682308602
297,libohove,40.0311,20.2631,9.64,92,8,1.43,AL,1682308787
298,bulgan,48.8125,103.5347,2.71,46,95,2.56,MN,1682308787
299,puerto rondon,6.2805,-71.1,24.08,88,70,1.71,CO,1682308787
300,nome,64.5011,-165.4064,-4.91,64,2,2.24,US,1682308788
301,cochabamba,-17.3895,-66.1568,16.86,59,7,3.6,BO,1682308788
302,shache,38.4167,77.2406,19.71,19,3,3.03,CN,1682308788
303,evanston,42.0411,-87.6901,4.49,63,82,1.34,US,1682308789
304,the pas,53.8251,-101.2541,-0.99,59,0,1.03,CA,1682308789
305,soe,-9.8607,124.284,25.23,69,60,3.49,ID,1682308789
306,arraial do cabo,-22.9661,-42.0278,22.05,69,0,1.69,BR,1682308790
307,yumen,40.2833,97.2,14.29,20,42,12.05,CN,1682308790
308,shujaabad,29.8797,71.2931,25.03,11,0,1.85,PK,1682308791
309,perigueux,45.1833,0.7167,10.67,89,54,1.35,FR,1682308674
310,cockburn town,21.4612,-71.1419,25.29,72,2,3.27,TC,1682308792
311,tutoia,-2.7619,-42.2744,23.86,90,100,2.61,BR,1682308792
312,bozhou,33.8772,115.7703,14.61,56,80,5.47,CN,1682308792
313,waipawa,-41.4122,175.5153,9.05,70,53,7.91,NZ,1682308793
314,shubarkuduk,49.1447,56.4872,12.94,58,1,2.98,KZ,1682308793
315,wuwei,37.9281,102.6414,13.75,35,100,9.28,CN,1682308794
316,salina cruz,16.1667,-95.2,28.18,76,100,5.03,MX,1682308794
317,tevaitoa,-16.7833,-151.5,27.12,79,62,2.68,PF,1682308794
318,ytre arna,60.4667,5.4333,7.89,95,99,1.09,NO,1682308795
319,do gonbadan,30.3586,50.7981,14.05,62,0,0.0,IR,1682308795
320,boshnyakovo,49.6333,142.1667,1.55,72,93,3.48,RU,1682308795
321,olafsvik,64.8945,-23.7142,3.07,57,98,3.17,IS,1682308796
322,pangnirtung,66.1451,-65.7125,-0.25,85,100,2.62,CA,1682308796
323,saint anthony,45.0205,-93.218,3.77,65,100,0.0,US,1682308796
324,noshiro,40.2039,140.0242,11.46,37,8,9.25,JP,1682308797
325,kamenka,51.3223,42.7678,9.99,78,97,4.28,RU,1682308797
326,trairi,-3.2778,-39.2689,23.67,87,75,2.87,BR,1682308568
327,jibuti,11.5,42.5,24.44,76,72,6.23,DJ,1682308798
328,shenjiamen,29.9576,122.298,13.98,87,100,8.78,CN,1682308798
329,kristiansund,63.1115,7.732,2.03,86,100,8.23,NO,1682308634
330,weligama,5.9667,80.4167,29.66,70,98,1.06,LK,1682308799
331,camacha,33.0833,-16.3333,15.68,77,20,2.06,PT,1682308799
332,airai,-8.9266,125.4092,20.62,80,70,1.85,TL,1682308799
333,thinadhoo,0.5333,72.9333,29.15,72,100,3.5,MV,1682308638
334,yinchuan,38.4681,106.2731,9.16,47,100,2.53,CN,1682308801
335,vaasa,63.096,21.6158,0.72,98,100,4.92,FI,1682308803
336,guadalupe y calvo,26.1,-106.9667,7.89,39,29,1.46,MX,1682308805
337,kuching,1.55,110.3333,29.01,80,20,1.54,MY,1682308806
338,cervo,43.6702,-7.4101,14.36,83,48,2.41,ES,1682308808
339,praia,14.9215,-23.5087,21.89,78,4,7.14,CV,1682308727
340,yarada,17.65,83.2667,31.18,58,40,1.03,IN,1682308810
341,fomboni,-12.28,43.7425,28.09,77,13,2.79,KM,1682308810
342,morondava,-20.2833,44.2833,22.89,81,0,3.34,MG,1682308811
343,ostrovnoy,68.0531,39.5131,-3.06,79,7,11.18,RU,1682308812
344,pochutla,15.7432,-96.4661,26.57,80,97,2.73,MX,1682308813
345,ponta delgada,37.7333,-25.6667,18.4,94,75,6.69,PT,1682308814
346,sao joao da barra,-21.6403,-41.0511,17.6,90,0,2.05,BR,1682308814
347,kirs,59.3388,52.2447,5.59,76,100,1.2,RU,1682308815
348,tshane,-24.0196,21.8684,18.73,36,0,4.07,BW,1682308815
349,flinders,-34.5833,150.8552,22.32,70,59,0.45,AU,1682308816
350,hambantota,6.1241,81.1185,30.19,79,20,1.54,LK,1682308816
351,alyangula,-13.8483,136.4192,28.95,74,74,6.75,AU,1682308817
352,beyneu,45.3167,55.2,19.24,38,54,7.18,KZ,1682308817
353,klichka,50.4457,117.996,4.73,16,100,5.92,RU,1682308817
354,albert,50.0009,2.651,8.29,93,100,5.14,FR,1682308818
355,qinzhou,21.95,108.6167,31.56,56,73,2.42,CN,1682308818
356,cap malheureux,-19.9842,57.6142,26.93,78,40,4.77,MU,1682308819
357,filingue,14.3521,3.3168,28.95,8,67,5.16,NE,1682308820
358,sabha,27.0377,14.4283,17.38,58,100,7.56,LY,1682308820
359,oriximina,-1.7656,-55.8661,23.72,93,100,1.03,BR,1682308820
360,rabo de peixe,37.8,-25.5833,17.73,94,75,6.69,PT,1682308821
361,saldanha,-33.0117,17.9442,16.03,99,100,5.53,ZA,1682308821
362,inirida,3.8653,-67.9239,22.94,98,100,0.7,CO,1682308651
363,rio rancho,35.2334,-106.6645,16.69,36,50,0.45,US,1682308527
364,wad rawah,15.1603,33.1397,30.36,25,7,2.29,SD,1682308823
365,mount gambier,-37.8333,140.7667,23.64,35,0,2.59,AU,1682308823
366,catamarca,-28.4696,-65.7852,15.88,99,100,0.45,AR,1682308824
367,madimba,-10.4,40.3333,24.45,91,6,4.06,TZ,1682308824
368,zabid,14.1951,43.3152,28.06,64,2,3.93,YE,1682308824
369,walvis bay,-22.9575,14.5053,17.27,82,75,2.84,NA,1682308825
370,governador valadares,-18.8511,-41.9494,21.66,74,100,0.71,BR,1682308574
371,neubrandenburg,53.5667,13.2667,10.88,94,100,4.38,DE,1682308825
372,northam,51.0333,-4.2167,8.12,95,16,3.11,GB,1682308687
373,akodia,23.3833,76.6,31.09,19,0,1.45,IN,1682308826
374,sovetskiy,61.3614,63.5842,-1.74,68,7,5.25,RU,1682308827
375,atikokan,48.7555,-91.6216,-9.22,97,87,1.23,CA,1682308828
376,long xuyen,10.3833,105.4167,30.97,40,87,3.71,VN,1682308828
377,dingle,10.9995,122.6711,33.31,51,72,4.91,PH,1682308828
378,holme,56.1138,10.1725,9.76,91,100,5.26,DK,1682308829
379,puerto colombia,10.9878,-74.9547,27.05,82,92,5.52,CO,1682308829
380,la vergne,36.0156,-86.5819,8.84,71,100,0.0,US,1682308829
381,saint-pierre,-21.3393,55.4781,25.32,65,0,2.57,RE,1682308717
382,tongchuan,35.0806,109.0897,2.89,97,100,1.34,CN,1682308830
383,puerto baquerizo moreno,-0.9,-89.6,25.91,80,12,4.47,EC,1682308831
384,ambon,-3.6954,128.1814,31.09,79,40,3.09,ID,1682308831
385,dunedin,-45.8742,170.5036,11.56,10,12,8.96,NZ,1682308657
386,alekseyevsk,57.8406,108.3492,2.89,48,62,2.74,RU,1682308832
387,padang,-0.9492,100.3543,30.03,62,74,2.73,ID,1682308832
388,yar-sale,66.8333,70.8333,-5.47,94,100,10.38,RU,1682308833
389,toora-khem,52.4675,96.11,5.07,49,29,2.42,RU,1682308833
390,margate,51.3813,1.3862,8.16,82,89,3.58,GB,1682308833
391,hopelchen,19.7667,-89.85,28.27,49,100,3.73,MX,1682308834
392,capitan bado,-23.2667,-55.5333,17.3,96,0,2.95,PY,1682308834
393,maracacume,-2.0428,-45.9592,23.06,92,100,0.93,BR,1682308835
394,paamiut,61.994,-49.6678,0.41,86,81,6.8,GL,1682308835
395,malatya,38.5,38.0,6.03,100,40,1.54,TR,1682308835
396,ngama,11.7833,17.1667,31.17,42,100,6.87,TD,1682308836
397,dargaville,-35.9333,173.8833,16.21,55,45,5.19,NZ,1682308836
398,coffs harbour,-30.3,153.1333,22.3,78,75,7.2,AU,1682308837
399,laguna,38.421,-121.4238,20.38,64,0,4.63,US,1682308837
400,ambilobe,-13.2,49.05,24.34,90,13,1.81,MG,1682308838
401,arman,59.7,150.1667,3.72,63,100,7.88,RU,1682308839
402,kruisfontein,-34.0033,24.7314,17.16,79,100,2.54,ZA,1682308839
403,hastings,50.8552,0.5729,8.27,92,15,4.78,GB,1682308839
404,nanfeng,23.7434,111.7959,17.35,92,100,2.15,CN,1682308840
405,talnakh,69.4865,88.3972,1.23,83,91,3.82,RU,1682308629
406,villa maria,-32.4075,-63.2402,16.01,84,100,2.58,AR,1682308841
407,khasan,42.4308,130.6434,14.66,12,0,5.87,RU,1682308841
408,iqaluit,63.7506,-68.5145,0.85,93,100,1.54,CA,1682308814
409,bull savanna,17.8868,-77.5902,21.24,83,3,1.75,JM,1682308842
410,pacific grove,36.6177,-121.9166,13.47,89,100,3.6,US,1682308806
411,nuevo ideal,24.8875,-105.0728,15.51,27,21,4.15,MX,1682308346
412,neuquen,-38.9516,-68.0591,18.94,55,0,3.09,AR,1682308668
413,san quintin,30.4833,-115.95,14.17,82,0,1.35,MX,1682308843
414,paithan,19.4833,75.3833,32.7,14,30,2.58,IN,1682308844
415,nemuro,43.3236,145.575,3.96,77,98,3.01,JP,1682308844
416,lethbridge,49.7,-112.8186,9.06,49,75,4.12,CA,1682308844
417,marzuq,14.4,46.4667,25.92,24,21,0.94,YE,1682308845
418,ixtapa,20.7,-105.2,19.39,77,45,0.98,MX,1682308845
419,tabuk,17.4189,121.4443,30.43,55,24,2.57,PH,1682308845
420,veraval,20.9,70.3667,28.79,56,94,4.13,IN,1682308846
421,maniitsoq,65.4167,-52.9,0.49,99,100,1.86,GL,1682308846
422,sawakin,19.1059,37.3321,27.41,81,4,2.65,SD,1682308847
423,cobija,-11.0267,-68.7692,21.54,95,100,1.15,BO,1682308848
424,lewiston,44.1003,-70.2148,6.27,95,100,3.09,US,1682308692
425,siraha,26.6541,86.2087,30.65,35,63,4.91,NP,1682308849
426,calama,-22.4667,-68.9333,11.27,76,0,2.06,CL,1682308805
427,kingman,35.1894,-114.053,25.71,28,75,0.89,US,1682308850
428,itaituba,-4.2761,-55.9836,23.46,94,100,0.52,BR,1682308812
429,bud,39.447,-86.1758,4.82,68,35,2.54,US,1682308850
430,porto walter,-8.2686,-72.7439,22.31,97,98,0.85,BR,1682308851
431,primorsk,46.7348,36.3443,9.56,81,20,2.73,UA,1682308851
432,victor harbor,-35.5667,138.6167,26.49,45,0,2.01,AU,1682308852
433,poya,-21.35,165.15,25.94,76,82,4.55,NC,1682308852
434,wanning,18.8003,110.3967,29.34,73,63,5.24,CN,1682308852
435,kavieng,-2.5744,150.7967,28.8,73,26,3.46,PG,1682308853
436,katsuura,35.1333,140.3,11.18,59,100,4.13,JP,1682308853
437,songkhla,6.8333,100.6667,33.8,46,100,4.68,TH,1682308854
438,durango,24.8333,-104.8333,17.76,23,19,6.03,MX,1682308318
439,aiken,33.5835,-81.5998,18.16,52,40,2.57,US,1682308749
440,lira,2.235,32.9097,17.67,98,100,1.49,UG,1682308855
441,bathsheba,13.2167,-59.5167,25.34,94,20,2.57,BB,1682308855
442,vostok,46.4856,135.8833,4.04,40,100,6.41,RU,1682308856
443,peachtree city,33.3968,-84.5958,15.08,60,100,3.6,US,1682308800
444,warmbad,-28.45,18.7333,20.4,4,100,1.32,NA,1682308856
445,miyako,39.6367,141.9525,11.94,34,100,5.38,JP,1682308857
446,nizhniy kuranakh,58.8353,125.4869,-0.05,60,100,5.58,RU,1682308857
447,hiroshima,34.3963,132.4594,14.88,46,100,2.25,JP,1682308812
448,singaraja,-8.112,115.0882,28.63,72,14,1.95,ID,1682308858
449,mehamn,71.0357,27.8492,-1.05,86,20,2.57,NO,1682308858
450,bayan,46.0833,127.4,14.02,9,30,7.52,CN,1682308859
451,richards bay,-28.783,32.0377,17.67,87,67,2.01,ZA,1682308801
452,pitimbu,-7.4706,-34.8086,25.33,94,98,2.52,BR,1682308859
453,lyuban,52.7985,28.0048,10.61,72,97,3.36,BY,1682308860
454,bengkulu,-3.8004,102.2655,29.8,67,83,2.31,ID,1682308860
455,tessalit,20.1986,1.0114,24.85,17,0,2.2,ML,1682308860
456,naryan-mar,67.6713,53.087,-6.03,90,23,7.28,RU,1682308861
457,kargasok,59.0556,80.8572,4.66,94,100,6.69,RU,1682308861
458,carutapera,-1.195,-46.02,23.77,94,99,1.98,BR,1682308861
459,tchollire,8.4022,14.1698,25.46,66,97,1.03,CM,1682308862
460,moose factory,51.2585,-80.6094,1.0,93,100,2.06,CA,1682308863
461,owando,-0.4819,15.8999,20.03,99,97,0.56,CG,1682308865
462,mocuba,-16.8392,36.9856,17.73,98,94,0.74,MZ,1682308866
463,bad soden-salmunster,50.2757,9.3671,12.18,96,100,4.48,DE,1682308869
464,fort-shevchenko,44.5086,50.263,17.6,45,100,12.68,KZ,1682308870
465,sisimiut,66.9395,-53.6735,-0.22,99,100,1.45,GL,1682308870
466,anadyr,64.75,177.4833,-4.72,79,40,12.0,RU,1682308871
467,samarai,-10.6167,150.6667,29.38,71,22,3.79,PG,1682308872
468,mpika,-11.8343,31.4529,14.74,97,100,1.62,ZM,1682308873
469,ban nahin,18.2418,104.2122,36.04,38,94,1.76,LA,1682308874
470,aquiraz,-3.9014,-38.3911,26.05,84,77,3.68,BR,1682308875
471,olhao,37.0286,-7.8411,15.94,72,0,2.06,PT,1682308875
472,biltine,14.5333,20.9167,29.97,19,96,4.05,TD,1682308876
473,yafran,32.0633,12.5286,10.7,47,0,1.26,LY,1682308877
474,barkhan,29.8977,69.5256,23.75,17,18,1.58,PK,1682308878
475,lincent,50.7122,5.0365,8.09,92,75,7.72,BE,1682308879
476,karratha,-20.7377,116.8463,27.69,61,25,2.08,AU,1682308880
477,bingol,38.8847,40.4939,11.13,81,2,1.33,TR,1682308880
478,lukaya,-0.1489,31.8748,17.57,96,100,2.47,UG,1682308881
479,mogadishu,2.0371,45.3438,28.57,75,82,3.73,SO,1682308787
480,mahon,39.8885,4.2658,15.31,94,0,2.57,ES,1682308882
481,nyandoma,61.669,40.1991,3.45,93,99,2.13,RU,1682308883
482,lunglei,22.8833,92.7333,30.41,33,7,1.3,IN,1682308884
483,nishihara,26.1842,127.7558,25.81,65,40,5.66,JP,1682308885
484,sirjan,29.452,55.6814,19.14,31,100,2.53,IR,1682308886
485,aguimes,27.9054,-15.4461,16.35,72,20,6.71,ES,1682308886
486,yarim,14.298,44.3779,14.92,58,6,1.8,YE,1682308887
487,huarmey,-10.0681,-78.1522,24.4,82,11,2.8,PE,1682308888
488,belyy yar,53.6039,91.3903,6.94,36,0,2.0,RU,1682308888
489,port-gentil,-0.7193,8.7815,27.25,81,100,2.59,GA,1682308609
490,oktyabrskoye,43.0645,44.7417,9.08,100,100,1.0,RU,1682308889
491,sestri levante,44.2732,9.3968,16.14,91,90,0.89,IT,1682308890
492,vinh,18.6667,105.6667,30.42,68,93,3.54,VN,1682308891
493,itupiranga,-5.1347,-49.3267,24.18,89,100,2.12,BR,1682308891
494,nola,40.922,14.5329,15.64,84,99,0.98,IT,1682308893
495,pueblo nuevo,23.3833,-105.3833,10.55,55,67,1.65,MX,1682308713
496,manaure,11.7751,-72.4445,25.07,85,10,2.96,CO,1682308894
497,belmonte,-15.8631,-38.8828,21.97,98,100,1.49,BR,1682308894
498,nhulunbuy,-12.2333,136.7667,29.34,79,75,7.2,AU,1682308895
499,sembe,1.6481,14.5806,20.48,96,62,0.63,CG,1682308896
500,bulnes,-36.7423,-72.2985,11.57,72,0,0.91,CL,1682308897
501,yamada,39.4667,141.95,12.01,34,98,5.71,JP,1682308898
502,marawi,7.9986,124.2928,27.94,63,69,2.44,PH,1682308898
503,kaka,37.3482,59.6143,25.15,31,58,0.3,TM,1682308899
504,singapore,1.2897,103.8501,32.86,66,75,2.06,SG,1682308802
505,sayyan,15.1718,44.3244,16.11,58,87,2.33,YE,1682308900
506,nadym,65.5333,72.5167,-4.25,94,100,12.47,RU,1682308661
507,sistranda,63.7256,8.834,2.56,59,100,9.73,NO,1682308901
508,maceio,-9.6658,-35.7353,24.69,88,20,0.51,BR,1682308809
509,blyth,55.1271,-1.5086,6.1,83,75,5.66,GB,1682308901
510,ukiah,39.1502,-123.2078,11.63,90,16,2.12,US,1682308803
511,kuryk,43.2,51.65,20.25,38,100,10.27,KZ,1682308902
512,tumut,-35.3,148.2167,21.45,53,1,1.64,AU,1682308902
513,acultzingo,18.7167,-97.3167,21.58,52,81,0.64,MX,1682308903
514,ostersund,63.1792,14.6357,-1.75,100,75,1.54,SE,1682308903
515,slupca,52.2873,17.8719,11.68,87,98,2.6,PL,1682308904
516,la sarre,48.8002,-79.1996,0.09,99,100,1.91,CA,1682308632
517,urdoma,61.7533,48.5442,0.41,86,100,1.75,RU,1682308904
518,ivrea,45.4672,7.8762,11.94,83,95,2.87,IT,1682308905
519,naze,28.3667,129.4833,23.51,79,43,6.25,JP,1682308655
520,kiama,-34.6833,150.8667,22.43,70,77,2.61,AU,1682308906
521,igrim,63.1906,64.4162,-1.74,64,6,5.82,RU,1682308906
522,kavaratti,10.5669,72.642,28.83,71,96,5.48,IN,1682308906
523,awbari,26.5921,12.7805,17.84,51,100,4.06,LY,1682308907
524,port blair,11.6667,92.75,31.12,62,28,4.46,IN,1682308639
525,praia da vitoria,38.7333,-27.0667,18.14,100,75,8.72,PT,1682308908
526,upata,8.0086,-62.3989,22.88,90,93,0.71,VE,1682308909
527,san julian,21.0167,-102.1667,18.22,17,66,3.72,MX,1682308909
528,cap-chat,49.1001,-66.6821,3.0,87,100,3.6,CA,1682308909
529,zhuhai,22.2769,113.5678,27.7,94,40,4.12,CN,1682308811
530,akdepe,42.0551,59.3788,20.05,26,48,10.14,TM,1682308910
531,peniche,39.3558,-9.3811,14.96,95,19,2.64,PT,1682308910
532,deputatskiy,69.3,139.9,-4.7,85,100,3.55,RU,1682308911
533,san carlos,9.6612,-68.5827,24.18,88,97,1.42,VE,1682308628
534,lazaro cardenas,17.9583,-102.2,24.19,79,43,1.24,MX,1682308710
535,sarangani,5.4033,125.4636,28.71,75,97,7.04,PH,1682308912
536,kanye,-24.9667,25.3327,14.81,17,3,1.5,BW,1682308912
537,saint-marc,19.1082,-72.6938,24.85,71,4,3.05,HT,1682308913
538,roald,62.5833,6.1333,3.84,87,75,10.29,NO,1682308913
539,zhaotong,27.3167,103.7167,13.87,60,83,1.82,CN,1682308913
540,zlobin,45.2924,14.6541,9.61,82,75,2.06,HR,1682308914
541,bressanone,46.715,11.656,9.55,97,100,1.78,IT,1682308914
542,nizhniy odes,63.6445,54.856,-3.84,86,85,2.43,RU,1682308914
543,simpang,-1.2667,104.0833,32.61,59,85,0.77,ID,1682308408
544,aripuana,-9.1667,-60.6333,21.5,99,98,0.53,BR,1682308915
545,mankono,8.0586,-6.1897,21.82,91,100,1.36,CI,1682308915
546,ternate,0.8,127.4,29.05,72,12,2.83,ID,1682308380
547,garoua,9.3,13.4,28.1,58,100,2.01,CM,1682308916
548,slyudyanka,51.6594,103.7061,8.9,36,3,1.31,RU,1682308916
549,ferrol,43.4832,-8.2369,15.4,94,98,3.03,ES,1682308735
550,lasa,46.6166,10.7002,7.42,98,100,2.78,IT,1682308917
551,yerbogachen,61.2767,108.0108,0.14,72,98,3.06,RU,1682308917
552,axim,4.8699,-2.2405,26.55,84,100,1.49,GH,1682308918
553,rio gallegos,-51.6226,-69.2181,8.03,81,0,1.03,AR,1682308918
554,tatui,-23.3556,-47.8569,14.76,95,1,2.83,BR,1682308918
555,toledo,39.8333,-4.0,10.42,80,95,0.81,ES,1682308269
556,tuy hoa,13.0833,109.3,31.83,57,31,3.82,VN,1682308815
557,smithers,54.7804,-127.1743,7.18,87,100,1.54,CA,1682308919
558,corinto,37.9407,22.9573,12.72,77,3,1.03,GR,1682308920
559,marsh harbour,26.5412,-77.0636,23.79,70,0,4.09,BS,1682308920
560,gornopravdinsk,60.05,69.9,-0.51,64,65,6.32,RU,1682308921
561,sandwick,60.0,-1.25,2.9,75,40,9.77,GB,1682308921
562,hami,42.8,93.45,15.98,22,72,3.11,CN,1682308922
563,rabaul,-4.1967,152.1721,28.38,71,61,2.42,PG,1682308922
564,hays,30.0502,-98.0336,13.09,80,100,1.34,US,1682308770
565,tautira,-17.7333,-149.15,26.22,86,100,4.71,PF,1682308924
566,nara,34.6851,135.8049,16.94,18,100,3.99,JP,1682308658
567,sola,-13.8833,167.55,31.37,70,40,4.12,VU,1682308925
568,tiznit,29.5833,-9.5,14.41,82,13,1.22,MA,1682308926
569,funes,-32.9157,-60.81,17.68,87,0,3.6,AR,1682308926
570,maloy,61.9353,5.1136,3.85,53,100,18.15,NO,1682308927
571,shubarshi,48.5872,57.1869,12.98,64,0,3.37,KZ,1682308928
572,wyoming,43.0002,-107.5009,3.73,41,100,4.22,US,1682308928
573,batagay-alyta,67.8006,130.4114,-5.43,81,99,6.38,RU,1682308929
574,bonavista,48.6499,-53.1147,0.75,91,100,8.65,CA,1682308930
575,sechura,-5.5569,-80.8222,26.57,75,100,5.66,PE,1682308687
